{"cameraMode":{"drawMode":0,"name":"Shaded","section":"Shading Mode"},"sceneLighting":false,"audioPlay":false,"sceneViewState":{"m_AlwaysRefresh":false,"showFog":true,"showSkybox":false,"showFlares":true,"showImageEffects":true,"showParticleSystems":true,"showVisualEffectGraphs":true,"m_FxEnabled":true},"in2DMode":false,"pivot":{"x":-42.10497283935547,"y":-6.152557373046875,"z":53.62826156616211},"rotation":{"x":0.12691296637058259,"y":-0.09211322665214539,"z":0.011843670159578324,"w":0.9875587821006775},"size":43.141231536865237,"orthographic":false}