{"cameraMode":{"drawMode":0,"name":"Shaded","section":"Shading Mode"},"sceneLighting":false,"audioPlay":false,"sceneViewState":{"m_AlwaysRefresh":false,"showFog":true,"showSkybox":false,"showFlares":true,"showImageEffects":true,"showParticleSystems":true,"showVisualEffectGraphs":true,"m_FxEnabled":true},"in2DMode":false,"pivot":{"x":9.533472061157227,"y":2.9598183631896974,"z":-0.6027166843414307},"rotation":{"x":-0.11394865065813065,"y":-0.04409825801849365,"z":0.005067161284387112,"w":-0.9925013780593872},"size":6.266026496887207,"orthographic":false}