{"cameraMode":{"drawMode":0,"name":"Shaded","section":"Shading Mode"},"sceneLighting":false,"audioPlay":false,"sceneViewState":{"m_AlwaysRefresh":false,"showFog":true,"showSkybox":false,"showFlares":true,"showImageEffects":true,"showParticleSystems":true,"showVisualEffectGraphs":true,"m_FxEnabled":true},"in2DMode":false,"pivot":{"x":-2.5929670333862306,"y":-0.6311523914337158,"z":0.011942148208618164},"rotation":{"x":0.09362544864416123,"y":-0.8289973139762878,"z":0.14598998427391053,"w":0.5317038893699646},"size":3.251502752304077,"orthographic":false}