{"cameraMode":{"drawMode":0,"name":"Shaded","section":"Shading Mode"},"sceneLighting":false,"audioPlay":false,"sceneViewState":{"m_AlwaysRefresh":false,"showFog":true,"showSkybox":false,"showFlares":true,"showImageEffects":true,"showParticleSystems":true,"showVisualEffectGraphs":true,"m_FxEnabled":true},"in2DMode":false,"pivot":{"x":0.31190261244773867,"y":0.14733479917049409,"z":0.6571190357208252},"rotation":{"x":0.13489727675914765,"y":0.0059407781809568409,"z":-0.0008028914453461766,"w":0.9908469319343567},"size":1.7515028715133668,"orthographic":false}