{"cameraMode":{"drawMode":0,"name":"Shaded","section":"Shading Mode"},"sceneLighting":false,"audioPlay":false,"sceneViewState":{"m_AlwaysRefresh":false,"showFog":true,"showSkybox":false,"showFlares":true,"showImageEffects":true,"showParticleSystems":true,"showVisualEffectGraphs":true,"m_FxEnabled":true},"in2DMode":false,"pivot":{"x":1.0698418617248536,"y":1.182387351989746,"z":2.135488271713257},"rotation":{"x":0.005469202063977718,"y":-0.9920457601547241,"z":0.11691553890705109,"w":0.046453963965177539},"size":1.7515028715133668,"orthographic":false}