{"cameraMode":{"drawMode":0,"name":"Shaded","section":"Shading Mode"},"sceneLighting":false,"audioPlay":false,"sceneViewState":{"m_AlwaysRefresh":false,"showFog":true,"showSkybox":false,"showFlares":true,"showImageEffects":true,"showParticleSystems":true,"showVisualEffectGraphs":true,"m_FxEnabled":true},"in2DMode":false,"pivot":{"x":-0.025192826986312867,"y":0.3142589330673218,"z":-0.7249984741210938},"rotation":{"x":-0.11520879715681076,"y":0.07650582492351532,"z":-0.008903286419808865,"w":-0.9903529286384583},"size":1.224745273590088,"orthographic":false}