{"cameraMode":{"drawMode":0,"name":"Shaded","section":"Shading Mode"},"sceneLighting":false,"audioPlay":false,"sceneViewState":{"m_AlwaysRefresh":false,"showFog":true,"showSkybox":false,"showFlares":true,"showImageEffects":true,"showParticleSystems":true,"showVisualEffectGraphs":true,"m_FxEnabled":true},"in2DMode":false,"pivot":{"x":0.46549224853515627,"y":-0.8043603897094727,"z":0.8169996738433838},"rotation":{"x":0.20615525543689729,"y":0.2927298843860626,"z":-0.06478211283683777,"w":0.9314603805541992},"size":3.232050657272339,"orthographic":false}